module,mean_score,mean_response_length,count
doping_shared_sites,9.0,610.3333333333334,3
intensity_anomaly,9.333333333333334,546.0,3
non_convergence,9.333333333333334,528.3333333333334,3
peak_broadening,9.0,385.6666666666667,3
peak_positions,3.6666666666666665,462.0,3
